{
    "name": "root",
    "gauges": {
        "AircraftLearner.Policy.Entropy.mean": {
            "value": 1.2551683187484741,
            "min": 1.0819029808044434,
            "max": 1.2871448993682861,
            "count": 10
        },
        "AircraftLearner.Policy.ExtrinsicValueEstimate.mean": {
            "value": 9.867691993713379,
            "min": 9.867691993713379,
            "max": 51.07490539550781,
            "count": 10
        },
        "AircraftLearner.Environment.EpisodeLength.mean": {
            "value": 119.1923076923077,
            "min": 119.1923076923077,
            "max": 119.23076923076923,
            "count": 10
        },
        "AircraftLearner.Environment.CumulativeReward.mean": {
            "value": -0.6198072113956397,
            "min": -0.619814902687302,
            "max": -0.619786538900091,
            "count": 10
        },
        "AircraftLearner.Policy.ExtrinsicReward.mean": {
            "value": -0.6198072113956397,
            "min": -0.619814902687302,
            "max": -0.619786538900091,
            "count": 10
        },
        "AircraftLearner.Losses.ValueLoss.mean": {
            "value": 15.10546875,
            "min": 15.10546875,
            "max": 1037.7845458984375,
            "count": 10
        },
        "AircraftLearner.Losses.PolicyLoss.mean": {
            "value": 0.026296842843294144,
            "min": 0.02206042967736721,
            "max": 0.03056500479578972,
            "count": 10
        },
        "AircraftLearner.Policy.LearningRate.mean": {
            "value": 1.4377057595993392e-05,
            "min": 1.4377057595993392e-05,
            "max": 0.00028410961385816336,
            "count": 10
        },
        "AircraftLearner.Policy.Epsilon.mean": {
            "value": 0.10479233413934708,
            "min": 0.10479233413934708,
            "max": 0.19470320641994476,
            "count": 10
        },
        "AircraftLearner.Policy.Beta.mean": {
            "value": 0.00024913682136684656,
            "min": 0.00024913682136684656,
            "max": 0.004735689144581556,
            "count": 10
        },
        "AircraftLearner.IsTraining.mean": {
            "value": 1.0,
            "min": 1.0,
            "max": 1.0,
            "count": 10
        }
    },
    "metadata": {
        "timer_format_version": "0.1.0",
        "start_time_seconds": "1685565176",
        "python_version": "3.8.5 (tags/v3.8.5:580fbb0, Jul 20 2020, 15:57:54) [MSC v.1924 64 bit (AMD64)]",
        "command_line_arguments": "E:\\Unity Proje\\Airplane_Tutorial Trainli enson amk\\Airplane_Tutorial\\venv\\Scripts\\mlagents-learn --train",
        "mlagents_version": "0.20.0",
        "mlagents_envs_version": "0.20.0",
        "communication_protocol_version": "1.1.0",
        "tensorflow_version": "2.12.0",
        "numpy_version": "1.23.0",
        "end_time_seconds": "1685565593"
    },
    "total": 417.03935,
    "count": 1,
    "self": 0.3488052999999809,
    "children": {
        "run_training.setup": {
            "total": 0.028890399999999872,
            "count": 1,
            "self": 0.028890399999999872
        },
        "TrainerController.start_learning": {
            "total": 416.6616543,
            "count": 1,
            "self": 0.7686235999957489,
            "children": {
                "TrainerController._reset_env": {
                    "total": 12.4820295,
                    "count": 1,
                    "self": 12.4820295
                },
                "TrainerController.advance": {
                    "total": 403.13664270000424,
                    "count": 31475,
                    "self": 0.3453025000070511,
                    "children": {
                        "env_step": {
                            "total": 402.7913401999972,
                            "count": 31475,
                            "self": 378.17105369999416,
                            "children": {
                                "SubprocessEnvManager._take_step": {
                                    "total": 24.276333499999804,
                                    "count": 31475,
                                    "self": 0.7679771000031579,
                                    "children": {
                                        "TFPolicy.evaluate": {
                                            "total": 23.508356399996647,
                                            "count": 31267,
                                            "self": 23.508356399996647
                                        }
                                    }
                                },
                                "workers": {
                                    "total": 0.34395300000323914,
                                    "count": 31475,
                                    "self": 0.0,
                                    "children": {
                                        "worker_root": {
                                            "total": 404.58268610000283,
                                            "count": 31475,
                                            "is_parallel": true,
                                            "self": 71.90477599999923,
                                            "children": {
                                                "steps_from_proto": {
                                                    "total": 0.0007673999999990855,
                                                    "count": 1,
                                                    "is_parallel": true,
                                                    "self": 0.00020910000000284867,
                                                    "children": {
                                                        "_process_vector_observation": {
                                                            "total": 0.0005582999999962368,
                                                            "count": 8,
                                                            "is_parallel": true,
                                                            "self": 0.0005582999999962368
                                                        }
                                                    }
                                                },
                                                "UnityEnvironment.step": {
                                                    "total": 332.6771427000036,
                                                    "count": 31475,
                                                    "is_parallel": true,
                                                    "self": 6.298256400008597,
                                                    "children": {
                                                        "UnityEnvironment._generate_step_input": {
                                                            "total": 3.6616716999963597,
                                                            "count": 31475,
                                                            "is_parallel": true,
                                                            "self": 3.6616716999963597
                                                        },
                                                        "communicator.exchange": {
                                                            "total": 302.550037599998,
                                                            "count": 31475,
                                                            "is_parallel": true,
                                                            "self": 302.550037599998
                                                        },
                                                        "steps_from_proto": {
                                                            "total": 20.167177000000656,
                                                            "count": 31475,